<?xml version="1.0" encoding="UTF-8"?>
<export version="D">
  <design>
    <source>E:/kicad/pi_0 hat/pi_0 hat.sch</source>
    <date>16/03/2017 11:58:23 AM</date>
    <tool>Eeschema 4.0.5</tool>
    <sheet number="1" name="/" tstamps="/">
      <title_block>
        <title/>
        <company/>
        <rev/>
        <date/>
        <source>pi_0 hat.sch</source>
        <comment number="1" value=""/>
        <comment number="2" value=""/>
        <comment number="3" value=""/>
        <comment number="4" value=""/>
      </title_block>
    </sheet>
  </design>
  <components>
    <comp ref="R1">
      <value>100</value>
      <footprint>Resistors_SMD:R_1206</footprint>
      <libsource lib="device" part="R"/>
      <sheetpath names="/" tstamps="/"/>
      <tstamp>58C634CE</tstamp>
    </comp>
    <comp ref="C2">
      <value>0.1uf</value>
      <footprint>Capacitors_SMD:C_1206</footprint>
      <libsource lib="device" part="C"/>
      <sheetpath names="/" tstamps="/"/>
      <tstamp>58C63577</tstamp>
    </comp>
    <comp ref="C4">
      <value>0.1uf</value>
      <footprint>Capacitors_SMD:C_1206</footprint>
      <libsource lib="device" part="C"/>
      <sheetpath names="/" tstamps="/"/>
      <tstamp>58C635F2</tstamp>
    </comp>
    <comp ref="C5">
      <value>10uf</value>
      <footprint>Capacitors_Tantalum_SMD:CP_Tantalum_Case-A_EIA-3216-18_Hand</footprint>
      <libsource lib="device" part="CP"/>
      <sheetpath names="/" tstamps="/"/>
      <tstamp>58C63689</tstamp>
    </comp>
    <comp ref="C1">
      <value>10uf</value>
      <footprint>Capacitors_Tantalum_SMD:CP_Tantalum_Case-A_EIA-3216-18_Hand</footprint>
      <libsource lib="device" part="CP"/>
      <sheetpath names="/" tstamps="/"/>
      <tstamp>58C6376C</tstamp>
    </comp>
    <comp ref="D1">
      <value>MMSZ5221B</value>
      <footprint>Diodes_SMD:D_SOD-123</footprint>
      <libsource lib="device" part="D_Schottky"/>
      <sheetpath names="/" tstamps="/"/>
      <tstamp>58C6385E</tstamp>
    </comp>
    <comp ref="D2">
      <value>MMSZ5221B</value>
      <footprint>Diodes_SMD:D_SOD-123</footprint>
      <libsource lib="device" part="D_Schottky"/>
      <sheetpath names="/" tstamps="/"/>
      <tstamp>58C63951</tstamp>
    </comp>
    <comp ref="P2">
      <value>Raspberry Pi</value>
      <footprint>Pin_Headers:Pin_Header_Straight_2x20_Pitch2.54mm</footprint>
      <libsource lib="conn" part="CONN_02X20"/>
      <sheetpath names="/" tstamps="/"/>
      <tstamp>58C63A10</tstamp>
    </comp>
    <comp ref="U1">
      <value>ADC08200CIMT</value>
      <footprint>adc08200:ADC08200_PW_24</footprint>
      <libsource lib="symbols" part="ADC08200CIMT"/>
      <sheetpath names="/" tstamps="/"/>
      <tstamp>58C655B2</tstamp>
    </comp>
    <comp ref="P1">
      <value>CONN_01X02</value>
      <footprint>Pin_Headers:Pin_Header_Straight_1x02_Pitch2.54mm</footprint>
      <libsource lib="conn" part="CONN_01X02"/>
      <sheetpath names="/" tstamps="/"/>
      <tstamp>58C66041</tstamp>
    </comp>
    <comp ref="L1">
      <value>M2204-ND</value>
      <footprint>Choke_Axial_ThroughHole:Choke_Horizontal_RM10mm</footprint>
      <libsource lib="device" part="L_Core_Ferrite"/>
      <sheetpath names="/" tstamps="/"/>
      <tstamp>58C66ACB</tstamp>
    </comp>
    <comp ref="R2">
      <value>220</value>
      <footprint>Resistors_SMD:R_1206</footprint>
      <libsource lib="device" part="R"/>
      <sheetpath names="/" tstamps="/"/>
      <tstamp>58C67843</tstamp>
    </comp>
    <comp ref="RV1">
      <value>2k</value>
      <footprint>Potentiometers:Potentiometer_Trimmer_ACP_CA9h2.5_Vertical_Px2.5mm_Py5.0mm</footprint>
      <libsource lib="device" part="POT"/>
      <sheetpath names="/" tstamps="/"/>
      <tstamp>58C679B0</tstamp>
    </comp>
    <comp ref="C3">
      <value>0.1uf</value>
      <footprint>Capacitors_SMD:C_1206</footprint>
      <libsource lib="device" part="C"/>
      <sheetpath names="/" tstamps="/"/>
      <tstamp>58C68A17</tstamp>
    </comp>
    <comp ref="K1">
      <value>XLR5</value>
      <footprint>SMA:SMA_EDGE</footprint>
      <libsource lib="conn" part="XLR5"/>
      <sheetpath names="/" tstamps="/"/>
      <tstamp>58C7C199</tstamp>
    </comp>
    <comp ref="D3">
      <value>D_Bridge_+A-A</value>
      <footprint>Diodes_THT:Diode_Bridge_15.7x15.7</footprint>
      <libsource lib="device" part="D_Bridge_+A-A"/>
      <sheetpath names="/" tstamps="/"/>
      <tstamp>58C8E93C</tstamp>
    </comp>
  </components>
  <libparts>
    <libpart lib="symbols" part="ADC08200CIMT">
      <footprints>
        <fp>MTC24</fp>
        <fp>MTC24-M</fp>
        <fp>MTC24-L</fp>
      </footprints>
      <fields>
        <field name="Reference">U</field>
        <field name="Value">ADC08200CIMT</field>
        <field name="Footprint">MTC24</field>
      </fields>
      <pins>
        <pin num="1" name="VA" type="unspc"/>
        <pin num="2" name="AGND" type="unspc"/>
        <pin num="3" name="VRT" type="unspc"/>
        <pin num="4" name="VA" type="unspc"/>
        <pin num="5" name="AGND" type="unspc"/>
        <pin num="6" name="VIN" type="unspc"/>
        <pin num="7" name="VIN_GND" type="unspc"/>
        <pin num="8" name="AGND" type="unspc"/>
        <pin num="9" name="VRM" type="unspc"/>
        <pin num="10" name="VRB" type="unspc"/>
        <pin num="11" name="AGND" type="unspc"/>
        <pin num="12" name="VA" type="unspc"/>
        <pin num="13" name="D7" type="unspc"/>
        <pin num="14" name="D6" type="unspc"/>
        <pin num="15" name="D5" type="unspc"/>
        <pin num="16" name="D4" type="unspc"/>
        <pin num="17" name="DR_GND" type="unspc"/>
        <pin num="18" name="VDR" type="unspc"/>
        <pin num="19" name="D3" type="unspc"/>
        <pin num="20" name="D2" type="unspc"/>
        <pin num="21" name="D1" type="unspc"/>
        <pin num="22" name="D0" type="unspc"/>
        <pin num="23" name="PD" type="unspc"/>
        <pin num="24" name="CLK" type="unspc"/>
      </pins>
    </libpart>
    <libpart lib="device" part="C">
      <description>Unpolarized capacitor</description>
      <footprints>
        <fp>C?</fp>
        <fp>C_????_*</fp>
        <fp>C_????</fp>
        <fp>SMD*_c</fp>
        <fp>Capacitor*</fp>
      </footprints>
      <fields>
        <field name="Reference">C</field>
        <field name="Value">C</field>
      </fields>
      <pins>
        <pin num="1" name="~" type="passive"/>
        <pin num="2" name="~" type="passive"/>
      </pins>
    </libpart>
    <libpart lib="conn" part="CONN_01X02">
      <description>Connector, single row, 01x02</description>
      <footprints>
        <fp>Pin_Header_Straight_1X02</fp>
        <fp>Pin_Header_Angled_1X02</fp>
        <fp>Socket_Strip_Straight_1X02</fp>
        <fp>Socket_Strip_Angled_1X02</fp>
      </footprints>
      <fields>
        <field name="Reference">P</field>
        <field name="Value">CONN_01X02</field>
      </fields>
      <pins>
        <pin num="1" name="P1" type="passive"/>
        <pin num="2" name="P2" type="passive"/>
      </pins>
    </libpart>
    <libpart lib="conn" part="CONN_02X20">
      <description>Connector, double row, 02x20</description>
      <footprints>
        <fp>Pin_Header_Straight_2X20</fp>
        <fp>Pin_Header_Angled_2X20</fp>
        <fp>Socket_Strip_Straight_2X20</fp>
        <fp>Socket_Strip_Angled_2X20</fp>
      </footprints>
      <fields>
        <field name="Reference">P</field>
        <field name="Value">CONN_02X20</field>
      </fields>
      <pins>
        <pin num="1" name="P1" type="passive"/>
        <pin num="2" name="P2" type="passive"/>
        <pin num="3" name="P3" type="passive"/>
        <pin num="4" name="P4" type="passive"/>
        <pin num="5" name="P5" type="passive"/>
        <pin num="6" name="P6" type="passive"/>
        <pin num="7" name="P7" type="passive"/>
        <pin num="8" name="P8" type="passive"/>
        <pin num="9" name="P9" type="passive"/>
        <pin num="10" name="P10" type="passive"/>
        <pin num="11" name="P11" type="passive"/>
        <pin num="12" name="P12" type="passive"/>
        <pin num="13" name="P13" type="passive"/>
        <pin num="14" name="P14" type="passive"/>
        <pin num="15" name="P15" type="passive"/>
        <pin num="16" name="P16" type="passive"/>
        <pin num="17" name="P17" type="passive"/>
        <pin num="18" name="P18" type="passive"/>
        <pin num="19" name="P19" type="passive"/>
        <pin num="20" name="P20" type="passive"/>
        <pin num="21" name="P21" type="passive"/>
        <pin num="22" name="P22" type="passive"/>
        <pin num="23" name="P23" type="passive"/>
        <pin num="24" name="P24" type="passive"/>
        <pin num="25" name="P25" type="passive"/>
        <pin num="26" name="P26" type="passive"/>
        <pin num="27" name="P27" type="passive"/>
        <pin num="28" name="P28" type="passive"/>
        <pin num="29" name="P29" type="passive"/>
        <pin num="30" name="P30" type="passive"/>
        <pin num="31" name="P31" type="passive"/>
        <pin num="32" name="P32" type="passive"/>
        <pin num="33" name="P33" type="passive"/>
        <pin num="34" name="P34" type="passive"/>
        <pin num="35" name="P35" type="passive"/>
        <pin num="36" name="P36" type="passive"/>
        <pin num="37" name="P37" type="passive"/>
        <pin num="38" name="P38" type="passive"/>
        <pin num="39" name="P39" type="passive"/>
        <pin num="40" name="P40" type="passive"/>
      </pins>
    </libpart>
    <libpart lib="device" part="CP">
      <description>Polarised capacitor</description>
      <footprints>
        <fp>CP*</fp>
        <fp>C_Axial*</fp>
        <fp>C_Radial*</fp>
        <fp>TantalC*</fp>
        <fp>C*elec</fp>
        <fp>c_elec*</fp>
        <fp>SMD*_Pol</fp>
      </footprints>
      <fields>
        <field name="Reference">C</field>
        <field name="Value">CP</field>
      </fields>
      <pins>
        <pin num="1" name="~" type="passive"/>
        <pin num="2" name="~" type="passive"/>
      </pins>
    </libpart>
    <libpart lib="device" part="D_Bridge_+A-A">
      <description>Diode bridge (pins: 1=+, 2=AC, 3=-, 4=AC)</description>
      <footprints>
        <fp>Diode?Bridge*</fp>
        <fp>Diode?Rectifier*</fp>
      </footprints>
      <fields>
        <field name="Reference">D</field>
        <field name="Value">D_Bridge_+A-A</field>
      </fields>
      <pins>
        <pin num="1" name="+" type="input"/>
        <pin num="2" name="~" type="input"/>
        <pin num="3" name="-" type="input"/>
        <pin num="4" name="~" type="input"/>
      </pins>
    </libpart>
    <libpart lib="device" part="D_Schottky">
      <description>Schottky diode</description>
      <footprints>
        <fp>Diode_*</fp>
        <fp>D-*</fp>
        <fp>*SingleDiode</fp>
        <fp>*_Diode_*</fp>
        <fp>*SingleDiode*</fp>
        <fp>D_*</fp>
      </footprints>
      <fields>
        <field name="Reference">D</field>
        <field name="Value">D_Schottky</field>
      </fields>
      <pins>
        <pin num="1" name="K" type="passive"/>
        <pin num="2" name="A" type="passive"/>
      </pins>
    </libpart>
    <libpart lib="device" part="L_Core_Ferrite">
      <description>Inductor with Ferrite Core</description>
      <footprints>
        <fp>Choke_*</fp>
        <fp>*Coil*</fp>
      </footprints>
      <fields>
        <field name="Reference">L</field>
        <field name="Value">L_Core_Ferrite</field>
      </fields>
      <pins>
        <pin num="1" name="1" type="passive"/>
        <pin num="2" name="2" type="passive"/>
      </pins>
    </libpart>
    <libpart lib="device" part="POT">
      <description>Potentionmeter</description>
      <fields>
        <field name="Reference">RV</field>
        <field name="Value">POT</field>
      </fields>
      <pins>
        <pin num="1" name="1" type="passive"/>
        <pin num="2" name="2" type="passive"/>
        <pin num="3" name="3" type="passive"/>
      </pins>
    </libpart>
    <libpart lib="device" part="R">
      <description>Resistor</description>
      <footprints>
        <fp>R_*</fp>
        <fp>Resistor_*</fp>
      </footprints>
      <fields>
        <field name="Reference">R</field>
        <field name="Value">R</field>
      </fields>
      <pins>
        <pin num="1" name="~" type="passive"/>
        <pin num="2" name="~" type="passive"/>
      </pins>
    </libpart>
    <libpart lib="conn" part="XLR5">
      <description>5 pins</description>
      <fields>
        <field name="Reference">K</field>
        <field name="Value">XLR5</field>
      </fields>
      <pins>
        <pin num="1" name="P1" type="passive"/>
        <pin num="2" name="P2" type="passive"/>
        <pin num="3" name="P3" type="passive"/>
        <pin num="4" name="P3" type="passive"/>
        <pin num="5" name="P5" type="passive"/>
      </pins>
    </libpart>
  </libparts>
  <libraries>
    <library logical="device">
      <uri>C:\Program Files\KiCad\share\kicad\library\device.lib</uri>
    </library>
    <library logical="conn">
      <uri>C:\Program Files\KiCad\share\kicad\library\conn.lib</uri>
    </library>
    <library logical="symbols">
      <uri>C:\UltraLibrarian\Library\Exported\KiCad\2017-03-13_11-23-35\symbols.lib</uri>
    </library>
  </libraries>
  <nets>
    <net code="1" name="Net-(C3-Pad1)">
      <node ref="C3" pin="1"/>
      <node ref="U1" pin="9"/>
    </net>
    <net code="2" name="Net-(R2-Pad1)">
      <node ref="RV1" pin="3"/>
      <node ref="U1" pin="3"/>
      <node ref="R2" pin="1"/>
    </net>
    <net code="3" name="D2">
      <node ref="U1" pin="20"/>
      <node ref="P2" pin="21"/>
    </net>
    <net code="4" name="D1">
      <node ref="P2" pin="24"/>
      <node ref="U1" pin="21"/>
    </net>
    <net code="5" name="D0">
      <node ref="P2" pin="26"/>
      <node ref="U1" pin="22"/>
    </net>
    <net code="6" name="CLK">
      <node ref="P2" pin="7"/>
      <node ref="U1" pin="24"/>
    </net>
    <net code="7" name="Net-(D3-Pad1)">
      <node ref="D3" pin="1"/>
      <node ref="U1" pin="6"/>
      <node ref="P1" pin="2"/>
    </net>
    <net code="8" name="Net-(D1-Pad1)">
      <node ref="D2" pin="1"/>
      <node ref="D1" pin="1"/>
    </net>
    <net code="9" name="D3">
      <node ref="U1" pin="19"/>
      <node ref="P2" pin="19"/>
    </net>
    <net code="10" name="IN">
      <node ref="P2" pin="29"/>
      <node ref="P1" pin="1"/>
    </net>
    <net code="11" name="Net-(K1-Pad1)">
      <node ref="R1" pin="2"/>
      <node ref="K1" pin="1"/>
    </net>
    <net code="12" name="D5">
      <node ref="P2" pin="16"/>
      <node ref="U1" pin="15"/>
    </net>
    <net code="13" name="GND">
      <node ref="P2" pin="25"/>
      <node ref="P2" pin="39"/>
      <node ref="C5" pin="2"/>
      <node ref="C1" pin="2"/>
      <node ref="D2" pin="2"/>
      <node ref="P2" pin="6"/>
      <node ref="P2" pin="9"/>
      <node ref="C4" pin="2"/>
      <node ref="P2" pin="20"/>
      <node ref="C2" pin="2"/>
      <node ref="P2" pin="30"/>
      <node ref="P2" pin="14"/>
      <node ref="P2" pin="34"/>
      <node ref="R2" pin="2"/>
      <node ref="D3" pin="3"/>
      <node ref="K1" pin="2"/>
      <node ref="K1" pin="3"/>
      <node ref="K1" pin="4"/>
      <node ref="K1" pin="5"/>
      <node ref="U1" pin="17"/>
      <node ref="U1" pin="2"/>
      <node ref="U1" pin="10"/>
      <node ref="U1" pin="11"/>
      <node ref="U1" pin="7"/>
      <node ref="U1" pin="5"/>
      <node ref="U1" pin="8"/>
      <node ref="C3" pin="2"/>
      <node ref="D3" pin="2"/>
    </net>
    <net code="14" name="+3V3">
      <node ref="U1" pin="12"/>
      <node ref="U1" pin="4"/>
      <node ref="RV1" pin="2"/>
      <node ref="RV1" pin="1"/>
      <node ref="U1" pin="1"/>
      <node ref="L1" pin="1"/>
      <node ref="P2" pin="17"/>
      <node ref="P2" pin="1"/>
      <node ref="C1" pin="1"/>
      <node ref="C2" pin="1"/>
    </net>
    <net code="15" name="D7">
      <node ref="U1" pin="13"/>
      <node ref="P2" pin="22"/>
    </net>
    <net code="16" name="DM">
      <node ref="U1" pin="23"/>
      <node ref="P2" pin="32"/>
    </net>
    <net code="17" name="D6">
      <node ref="P2" pin="18"/>
      <node ref="U1" pin="14"/>
    </net>
    <net code="18" name="D4">
      <node ref="U1" pin="16"/>
      <node ref="P2" pin="23"/>
    </net>
    <net code="19" name="Net-(P2-Pad27)">
      <node ref="P2" pin="27"/>
    </net>
    <net code="20" name="Net-(P2-Pad38)">
      <node ref="P2" pin="38"/>
    </net>
    <net code="21" name="Net-(P2-Pad28)">
      <node ref="P2" pin="28"/>
    </net>
    <net code="22" name="Net-(P2-Pad37)">
      <node ref="P2" pin="37"/>
    </net>
    <net code="23" name="Net-(P2-Pad36)">
      <node ref="P2" pin="36"/>
    </net>
    <net code="24" name="Net-(P2-Pad35)">
      <node ref="P2" pin="35"/>
    </net>
    <net code="25" name="Net-(P2-Pad15)">
      <node ref="P2" pin="15"/>
    </net>
    <net code="26" name="Net-(P2-Pad5)">
      <node ref="P2" pin="5"/>
    </net>
    <net code="27" name="Net-(P2-Pad4)">
      <node ref="P2" pin="4"/>
    </net>
    <net code="28" name="Net-(P2-Pad3)">
      <node ref="P2" pin="3"/>
    </net>
    <net code="29" name="Net-(P2-Pad2)">
      <node ref="P2" pin="2"/>
    </net>
    <net code="30" name="Net-(D1-Pad2)">
      <node ref="D3" pin="4"/>
      <node ref="R1" pin="1"/>
      <node ref="D1" pin="2"/>
    </net>
    <net code="31" name="Net-(P2-Pad33)">
      <node ref="P2" pin="33"/>
    </net>
    <net code="32" name="Net-(P2-Pad13)">
      <node ref="P2" pin="13"/>
    </net>
    <net code="33" name="Net-(P2-Pad12)">
      <node ref="P2" pin="12"/>
    </net>
    <net code="34" name="Net-(P2-Pad31)">
      <node ref="P2" pin="31"/>
    </net>
    <net code="35" name="Net-(P2-Pad11)">
      <node ref="P2" pin="11"/>
    </net>
    <net code="36" name="Net-(P2-Pad40)">
      <node ref="P2" pin="40"/>
    </net>
    <net code="37" name="Net-(P2-Pad10)">
      <node ref="P2" pin="10"/>
    </net>
    <net code="38" name="Net-(P2-Pad8)">
      <node ref="P2" pin="8"/>
    </net>
    <net code="39" name="Net-(C4-Pad1)">
      <node ref="L1" pin="2"/>
      <node ref="C4" pin="1"/>
      <node ref="C5" pin="1"/>
      <node ref="U1" pin="18"/>
    </net>
  </nets>
</export>
